<?xml version="1.0" encoding="UTF-8"?>

<MUPDefinition xsi:schemaLocation="http://schemas.dell.com/openmanage/cm/2/3/mupdefinition.xsd mupdefinition.xsd" xmlns="http://schemas.dell.com/openmanage/cm/2/0/mupdefinition.xsd" xmlns:xsi="http://www.w3.org/2001/XMLSchema-instance">
	<packageinformation>
		<name>Cirque Touchpad Firmware</name>
		<version>01160.04618.004.028</version>
		<installertype>custom</installertype>
		<packagegrouping>single_package</packagegrouping>
		<packagingtype>executable</packagingtype>
		<releasetype>FRMW</releasetype>
		<mupspecificationversion>2.4.3</mupspecificationversion>
		<supportedoperatingsystems>
      <osidentifier name="Windows10" architecture="x86"/>
      <osidentifier name="Windows10" architecture="x64"/>
    </supportedoperatingsystems>
		<content>
			<Device componentID="109814">
				<Image version="01160.04618.004.028" type="FRMW">
					<file>4_1C_NorthbaySingle_20200121.bin</file>
				</Image>
			</Device>
		</content>
	</packageinformation>
	<executable>
		<executablename>FW_Update_from_040C_to_041C.exe</executablename>
	</executable>
	<behaviors>
		<behavior name="attended"/>
		<behavior name="unattended">
			<vendoroption>
				<optionvalue requiresvalue="false" switch="/">s</optionvalue>
			</vendoroption>
		</behavior>
	</behaviors>
	<parameters>
		<parametermapping name="logfile">
			<vendoroption>
				<optionvalue switch="/v" requiresvalue="true" valuedelimiter="=">LOGFILE</optionvalue>
			</vendoroption>
		</parametermapping>
	</parameters>
	<returncodes>
		<returncodemapping name="SUCCESS">
			<vendorreturncode>0</vendorreturncode>
		</returncodemapping>
		<returncodemapping name="ERROR">
			<vendorreturncode>1603</vendorreturncode>
		</returncodemapping>
		<returncodemapping name="UNKNOWN_OPTION">
			<vendorreturncode>1608</vendorreturncode>
		</returncodemapping>
		<returncodemapping name="REBOOT_REQUIRED">
			<vendorreturncode>3010</vendorreturncode>
		</returncodemapping>
	</returncodes>
	<inventorymetadata>
		<fullpackageidentifier>
			<registrykeys>
				<registrykey componentID="109814">
					<name>HKEY_LOCAL_MACHINE\SOFTWARE\Dell\ManageableUpdatePackage\Cirque\Version\</name>
					<value>01160.04618.004.028</value>
					<displayName>HKEY_LOCAL_MACHINE\SOFTWARE\Dell\ManageableUpdatePackage\Cirque\Display\</displayName>
					<displayValue>"Cirque Firmware Updater"</displayValue>
				</registrykey>
			</registrykeys>
		</fullpackageidentifier>
	</inventorymetadata>
</MUPDefinition>
